chr,start,end,id,gene,disease,variant type (nie brać pod uwagę),variant name,variant mode,PMID,Comments
chrX,155022727,155022925,DE_00394,F8,Haemophilia,Mutation,chrx-154251046-154251046,G>A,25910213,
chr16,158710,160710,DE_00187,HBM,Thalassaemia,Mutation,chr16-209709-209709,T>C,25910213,
chr11,5233572,5235570,DE_00088,HBD,Thalassaemia,Mutation,chr11-5255778-5255778,C>T,25910213,
chr11,5244772,5256170,DE_00089,HBG1,Hereditary persistence of foetal haemoglobin,Mutation,chr11-5271262-5271262,A>G,25910213,
chr11,5244772,5256170,DE_00089,HBG1,Hereditary persistence of foetal haemoglobin,Mutation,chr11-5271289-5271289,G>A,25910213,
chr11,5244772,5256170,DE_00089,HBG2,Hereditary persistence of foetal haemoglobin,Mutation,chr11-5276120-5276120,C>A,25910213,
chr11,5244772,5256170,DE_00089,HBG2,Hereditary persistence of foetal haemoglobin,Mutation,chr11-5276172-5276172,C>T,25910213,
chr11,5244772,5256170,DE_00089,HBG2,Hereditary persistence of foetal haemoglobin,Mutation,chr11-5276186-5276186,A>G,25910213,
chr11,5244772,5256170,DE_00089,HBG2,Hereditary persistence of foetal haemoglobin,Mutation,chr11-5276213-5276213,G>C,25910213,
chr11,119076692,119085090,DE_00076,HMBS,Porphyria,Mutation,chr11-118955622-118955622,T>A,25910213,
chr11,119076692,119085090,DE_00076,HMBS,Porphyria,Mutation,chr11-118955641-118955641,C>T,25910213,
chr13,113105288,113106486,DE_00151,F7,Factor vii deficiency,Mutation,chr13-113760095-113760095,T>G,25910213,
chr13,113105288,113106486,DE_00151,F7,Factor vii deficiency,Mutation,chr13-113760101-113760101,C>T,25910213,
chr7,156790708,156791906,DE_00367,SHH,Limb malformation,Mutation,chr7-156584465-156584465,C>G,25910213,
chr16,56960490,56963488,DE_00188,CETP,Hyperalphalipoproteinaemia,Mutation,chr16-56995796-56995796,G>A,25910213,
chr11,5226772,5227170,DE_00085,HBB,Thalassaemia,Mutation,chr11-5248393-5248393,G>A,25910213,
chr17,70679162,70681162,DE_00223,SOX9,Pierre robin sequence,Mutation,chr17-68676303-68676303,T>C,25910213,
chr22,40345510,40347510,DE_00265,ADSL,Adenylosuccinate lyase deficiency,Mutation,chr22-40742514-40742514,T>C,25910213,
chr7,156790708,156791906,DE_00367,SHH,Limb malformation,Mutation,chr7-156584241-156584241,T>C,25910213,
chr1,155300411,155302009,DE_00090,PKLR,Pyruvate kinase deficiency,Mutation,chr1-155271258-155271258,T>C,25910213,
chr4,73435100,73437100,DE_00312,AFP,Hereditary persistence of foetal haemoglobin,Mutation,chr4-74301817-74301817,G>A,25910213,
chr7,156790708,156791906,DE_00367,SHH,Limb malformation,Mutation,chr7-156584174-156584174,C>T,25910213,
chr7,107659756,107661756,DE_00358,SLC26A4,Pendred syndrome,Mutation,chr7-107301201-107301201,T>C,25910213,
chr7,156790708,156791906,DE_00367,SHH,Limb malformation,Mutation,chr7-156583831-156583831,A>G,25910213,
chr7,156790708,156791906,DE_00367,SHH,Limb malformation,Mutation,chr7-156583949-156583949,C>G,25910213,
chr7,156790708,156791906,DE_00367,SHH,Limb malformation,Mutation,chr7-156583951-156583951,C>T,25910213,
chr7,156790708,156791906,DE_00367,SHH,Limb malformation,Mutation,chr7-156584107-156584107,T>G,25910213,
chr7,156790708,156791906,DE_00367,SHH,Limb malformation,Mutation,chr7-156584166-156584166,G>A,25910213,
chr11,5233572,5235570,DE_00088,HBD,Thalassaemia,Mutation,chr11-5255749-5255749,G>T,25910213,
chr7,156790708,156791906,DE_00367,SHH,Limb malformation,Mutation,chr7-156584166-156584166,G>C,25910213,
chr11,5226261,5228261,DE_00087,HBB,Thalassaemia,Mutation,chr11-5248491-5248491,C>T,25910213,
chr1,173917064,173918062,DE_00127,SERPINC1,Antithrombin deficiency,Mutation,chr1-173886568-173886568,G>C,25910213,
chr9,101420920,101449118,DE_00386,ALDOB,Fructose intolerance,Mutation,chr9-104198194-104198194,C>T,25910213,
chr10,27099454,27101454,DE_00038,ANKRD26,Thrombocytopaenia 2,Mutation,chr10-27389383-27389383,C>T,25910213,
chrX,55030184,55032184,DE_00400,ALAS2,Sideroblastic anaemia,Mutation,chrx-55057617-55057617,G>C,25910213,
chrX,71221152,71228950,DE_00401,GJB1,Charcot-marie-tooth disease,Mutation,chrx-70443031-70443031,G>C,25910213,
chrX,139529730,139531730,DE_00393,F9,Haemophilia,Mutation,chrx-138612889-138612889,G>A,25910213,
chr10,52766842,52778040,DE_00041,MBL2,Mannose-binding protein deficiency,Mutation,chr10-54531685-54531685,C>G,25910213,
chr1,209814457,209821455,DE_00132,IRF6,Cleft lip,Mutation,chr1-209989270-209989270,G>A,25910213,
chr10,52766842,52778040,DE_00041,MBL2,Mannose-binding protein deficiency,Mutation,chr10-54532014-54532014,C>G,25910213,
chr11,5226172,5228172,DE_00086,HBB,Thalassaemia,Mutation,chr11-5248402-5248402,G>A,25910213,
chr10,87862231,87864231,DE_00057,PTEN,Cowden disease,Mutation,chr10-89622988-89622988,A>G,25910213,
chr10,87862635,87864635,DE_00058,PTEN,Cowden disease,Mutation,chr10-89623392-89623392,C>T,25910213,
chr10,87862705,87864705,DE_00059,PTEN,Cowden disease,Mutation,chr10-89623462-89623462,A>G,25910213,
chr11,2168772,2172170,DE_00082,TH,Tyrosine hydroxylase deficiency,Mutation,chr11-2193087-2193087,G>A,25910213,
chr10,125816433,125820231,DE_00030,UROS,Porphyria,Mutation,chr10-127505277-127505277,C>T,25910213,
chr1,160031009,160033009,DE_00091,PIGM,Glycosylphosphatidylinositol deficiency,Mutation,chr1-160001799-160001799,G>C,25910213,
chr11,2168772,2172170,DE_00082,TH,Tyrosine hydroxylase deficiency,Mutation,chr11-2193086-2193086,C>T,25910213,
chr11,2168772,2172170,DE_00082,TH,Tyrosine hydroxylase deficiency,Mutation,chr11-2193085-2193085,A>T,25910213,
chr7,156790708,156791906,DE_00367,SHH,Limb malformation,SNP,chr7-156584107-156584107,T>G,21509892,
chr7,156790708,156791906,DE_00367,SHH,Limb malformation,SNP,chr7-156584174-156584174,C>T,21509892,
chr7,156790868,156792017,DE_00024,SHH,Limb malformation,SV,,"t(5,7)(q11,q36)",21509892,
chr7,156790708,156791906,DE_00367,SHH,Limb malformation,SNP,chr7-156584236-156584236,T>G,21509892,
chr7,96728056,96728616,DE_00372,DLX5,Limb malformation,CNV,chr7-95552064-96432064,Deletion,21509892,
chr7,96728056,96728616,DE_00372,DLX6,Limb malformation,CNV,chr7-95552064-96432064,Deletion,21509892,
chr7,156790708,156791906,DE_00367,SHH,Limb malformation,SNP,chr7-156584166-156584166,G>A,21509892,
chr7,156790708,156791906,DE_00367,SHH,Limb malformation,SNP,chr7-156583831-156583831,A>G,21509892,
chr7,156790708,156791906,DE_00367,SHH,Limb malformation,SNP,chr7-156584241-156584241,T>C,21509892,
chr7,156790708,156791906,DE_00367,SHH,Limb malformation,SNP,chr7-156583949-156583949,C>G,21509892,
chr7,156790868,156792017,DE_00024,SHH,Limb malformation,SV,chr7-156572751-156661877,Duplication,21509892,
chr7,156790868,156792017,DE_00024,SHH,Limb malformation,SV,chr7-156547469-156644074,Duplication,21509892,
chr7,156790708,156791906,DE_00367,SHH,Limb malformation,SNP,chr7-156584266-156584266,A>T,21509892,
chr7,156790708,156791906,DE_00367,SHH,Limb malformation,SNP,chr7-156584166-156584166,G>C,21509892,
chr7,156790868,156792017,DE_00024,SHH,Limb malformation,SV,chr7-156539605-156699998,Duplication,21509892,
chr7,156790708,156791906,DE_00367,SHH,Limb malformation,SNP,chr7-156584275-156584275,T>C,21509892,
chr7,156790868,156792017,DE_00024,SHH,Limb malformation,SV,chr7-156354085-156619399,Duplication,21509892,
chr7,156790708,156791906,DE_00367,SHH,Limb malformation,SNP,chr7-156584273-156584273,G>A,21509892,
chr7,156790868,156792017,DE_00024,SHH,Limb malformation,SV,chr7-156354085-156687613,Duplication,21509892,
chr7,156790708,156791906,DE_00367,SHH,Limb malformation,SNP,chr7-156584465-156584465,C>G,21509892,
chr7,156790868,156792017,DE_00024,SHH,Limb malformation,SV,chr7-156143386-156732204,Duplication,21509892,
chr7,156790868,156792017,DE_00024,SHH,Limb malformation,SV,chr7-156241020-156699998,Duplication,21509892,
chr7,156790868,156792017,DE_00024,SHH,Limb malformation,SV,chr7-156241020-156619399,Duplication,21509892,
chr7,156790868,156792017,DE_00024,SHH,Limb malformation,SV,chr7-156241020-156677759,Duplication,21509892,
chr7,156790868,156792017,DE_00024,SHH,Limb malformation,SV,chr7-156368541-156661877,Duplication,21509892,
chr3,140713485,140713583,DE_00279,FOXL2,Blepharophimosis syndrome,CNV,chr3-140431841-140439199,Deletion,19543368,
chr3,140719940,140720043,DE_00284,FOXL2,Blepharophimosis syndrome,CNV,chr3-140431841-140439199,Deletion,19543368,
chr3,140719434,140719567,DE_00280,FOXL2,Blepharophimosis syndrome,CNV,chr3-140431841-140439199,Deletion,19543368,
chr3,140717625,140717772,DE_00285,FOXL2,Blepharophimosis syndrome,CNV,chr3-140431841-140439199,Deletion,19543368,
chr3,140717254,140717549,DE_00278,FOXL2,Blepharophimosis syndrome,CNV,chr3-140431841-140439199,Deletion,19543368,
chr3,140716913,140717043,DE_00282,FOXL2,Blepharophimosis syndrome,CNV,chr3-140431841-140439199,Deletion,19543368,
chr3,140716078,140716474,DE_00281,FOXL2,Blepharophimosis syndrome,CNV,chr3-140431841-140439199,Deletion,19543368,
chr3,140713126,140713341,DE_00283,FOXL2,Blepharophimosis syndrome,CNV,chr3-140431841-140439199,Deletion,19543368,
chr3,139237250,139237353,DE_00277,FOXL2,Blepharophimosis syndrome,CNV,chr3-138949151-138956509,Deletion,19543368,
chr3,139236744,139236877,DE_00275,FOXL2,Blepharophimosis syndrome,CNV,chr3-138949151-138956509,Deletion,19543368,
chr3,139234935,139235082,DE_00272,FOXL2,Blepharophimosis syndrome,CNV,chr3-138949151-138956509,Deletion,19543368,
chr3,139234564,139234859,DE_00634,FOXL2,Blepharophimosis syndrome,CNV,chr3-138949151-138956509,Deletion,19543368,
chr3,139233388,139233784,DE_00273,FOXL2,Blepharophimosis syndrome,CNV,chr3-138949151-138956509,Deletion,19543368,
chr3,139230795,139230893,DE_00276,FOXL2,Blepharophimosis syndrome,CNV,chr3-138949151-138956509,Deletion,19543368,
chr3,139230436,139230651,DE_00270,FOXL2,Blepharophimosis syndrome,CNV,chr3-138949151-138956509,Deletion,19543368,
chr3,139234223,139234353,DE_00271,FOXL2,Blepharophimosis syndrome,CNV,chr3-138949151-138956509,Deletion,19543368,
chr1,209814457,209821455,DE_00596,IRF6,Orofacial clefting,SNP,rs642961,G>A,26030420,
chr17,70701836,70703836,DE_00224,SOX9,Pierre robin sequence,Mutation,chr17-68698977-68698977,C>T,26030420,
chr17,70738389,70740389,DE_00225,SOX9,Pierre robin sequence,Mutation,chr17-68735530-68735530,G>A,26030420,
chr17,70750181,70752181,DE_00226,SOX9,Pierre robin sequence,Mutation,chr17-68747322-68747322,T>C,26030420,
chr17,70775609,70777609,DE_00227,SOX9,Pierre robin sequence,Mutation,chr17-68772750-68772750,G>A,26030420,
chr17,71709461,71710459,DE_00230,SOX9,Pierre robin sequence,Mutation,chr17-69706044-69706044,A>C,26030420,
chr22,37983595,38049793,DE_00264,SOX10,Hirschsprung disease,Mutation,rs73886230,C>T,24357527,
chr22,37983595,38049793,DE_00264,SOX10,Hirschsprung disease,Mutation,rs73886229,C>T,24357527,
chr22,37983595,38049793,DE_00264,SOX10,Hirschsprung disease,Mutation,rs141110859,C>T,24357527,
chr22,37983595,38049793,DE_00264,SOX10,Hirschsprung disease,Mutation,chr22-38412781-38412781,G>C,24357527,
chr22,37983595,38049793,DE_00264,SOX10,Hirschsprung disease,Mutation,chr22-38412215-38412215,G>A,24357527,
chr5,135433909,135436454,DE_00020,PITX1,Liebenberg syndrome,SV,,Duplication,23601627,
chr2,219100516,219109516,DE_00258,IHH,Syndactyly,SV,chr2-219925238-219974238,Duplication,23601627,
chr3,139230140,139237540,DE_00269,FOXL2,Blepharophimosis syndrome,CNV,chr3-138948982-138956382,Deletion,23601627,
chr2,219100516,219109516,DE_00257,IHH,Craniosynostosis,SV,chr2-219925238-219974238,Duplication,23601627,
chr1,105934,107935,DE_00070,SHH,Preaxial polydactyly 2,Indel,chr1-106934-106934,,26382709,
chr10,43085608,43087608,DE_00513,RET,Hirschsprung disease,Mutation,rs2435357,C>T,26382709,
chr2,60491867,60548865,DE_00625,BCL11A,Fetal hemoglobin level,SNP,rs7606173,,24115442,
chr2,60464267,60491265,DE_00474,BCL11A,Hemoglobinopathies,SNP,rs1427407,G>T,24115442,
chr2,60464267,60491265,DE_00473,BCL11A,Fetal hemoglobin level,SNP,rs1427407,G>T,24115442,
chr12,114265710,114267710,DE_00134,TBX5,Isolated congenital heart defect,Mutation,chr12-114704515-114704515,G>T,26382709,
chr3,128478959,128487357,DE_00268,GATA2,Monomac syndrome,Indel,chr3-128202137-128202161,,23502222,
chrX,896823,897423,DE_00028,SHOX,Leri-weill syndrome,CNV,,Deletion,19578035,
chr10,43056447,43058447,DE_00609,RET,Hirschsprung disease,SNP,rs7069590,C>T,27693352,
chr10,43085364,43088263,DE_00039,RET,Hirschsprung disease,Mutation,chr10-43581812-43582711,,16269442,
chr5,177994801,177995999,DE_00479,PROP1,Combined pituitary hormone deficiency,SNP,rs73346254,G>A,22745233,
chr10,43086364,43087263,DE_00002,RET,Hirschsprung disease,CNV,,Deletion,16269442,
chrX,896823,897423,DE_00027,SHOX,Idiopathic short stature,CNV,,Deletion,19578035,
chr10,23218434,23220434,DE_00033,PTF1A,Isolated pancreatic agenesis,Mutation,chr10-23508363-23508363,A>G,24212882,
chr10,23218517,23220517,DE_00037,PTF1A,Isolated pancreatic agenesis,Mutation,chr10-23508446-23508446,A>C,24212882,
chrX,82473024,82473434,DE_00402,POU3F4,X-linked deafness type 3,CNV,chrx-81727184-81731085,Deletion,20668882,
chrX,82586368,82586778,DE_00403,POU3F4,X-linked deafness type 3,CNV,chrx-81840528-81844429,Deletion,20668882,
chr3,128478959,128487357,DE_00268,GATA2,Monomac syndrome,Mutation,chr3-128202154-128202154,C>T,23502222,
chr5,177994801,177995999,DE_00479,PROP1,Combined pituitary hormone deficiency,Indel,rs148607624,delATG,22745233,
chr10,42951154,42953152,DE_00516,RET,Hirschsprung disease,SNP,rs2506030,A>G,27693352,
chr9,97786120,97787518,DE_00639,FOXE1,Cleft palate,SNP,rs7850258,A>G,25652407,
chr10,42951154,42953152,DE_00516,RET,Hirschsprung disease,SNP,rs2506030,A>G,25839327,
chr1,209814457,209821455,DE_00597,IRF6,Cleft palate,SNP,rs642961,G>A,18836445,
chr7,101486536,101486777,DE_00025,SHH,Holoprosencephaly spectrum,SV,,inv(7)(q22.1;q36.3),21948517,
chr10,43085608,43087608,DE_00513,RET,Hirschsprung disease,SNP,rs2435357,C>T,19306335,
chr10,62441584,62442801,DE_00043,EGR2,Congenital amyelinating neuropathy,CNV,chr10-64191785-64202507,Deletion,22522483,
chr11,31512806,31520980,DE_00009,PAX6,Aniridia,CNV,,Deletion,15549674,
chr11,31654471,31658192,DE_00083,PAX6,Aniridia,CNV,chr11-31642266-31806340,Deletion,27919838,
chr12,114265710,114267710,DE_00135,TBX5,Holt-oram syndrome,Mutation,chr12-114704515-114704515,G>T,22543974,
chr15,32698801,32702199,DE_00484,GREM1,Orofacial clefting,SNP,rs16969681,C>T,26043427,
chr17,56694877,56696877,DE_00511,NOG,Cleft lip,SNP,rs227731,A>T,25704602,
chr3,24160111,24163509,DE_00521,THRB,The syndrome of resistance to thyroid hormone,SNP,rs2596623,C>T,21871106,
chr10,43085608,43087608,DE_00513,RET,Hirschsprung disease,SNP,rs2435357,C>T,"25839327, 27693352, 20598273",